file,base,total_verse_lines,with_expected_block_id,with_any_block_id,missing_block_id
baruch/baruch-04.md,baruch-04,37,37,37,0
baruch/baruch-05.md,baruch-05,9,9,9,0
baruch/baruch-01.md,baruch-01,22,22,22,0
baruch/baruch-06.md,baruch-06,71,71,71,0
baruch/baruch-02.md,baruch-02,35,35,35,0
baruch/baruch-03.md,baruch-03,38,38,38,0
ecclesiastes/ecclesiastes-05.md,ecclesiastes-05,19,19,19,0
ecclesiastes/ecclesiastes-11.md,ecclesiastes-11,10,10,10,0
ecclesiastes/ecclesiastes-01.md,ecclesiastes-01,18,18,18,0
ecclesiastes/ecclesiastes-10.md,ecclesiastes-10,20,20,20,0
ecclesiastes/ecclesiastes-04.md,ecclesiastes-04,17,17,17,0
ecclesiastes/ecclesiastes-09.md,ecclesiastes-09,18,18,18,0
ecclesiastes/ecclesiastes-08.md,ecclesiastes-08,17,17,17,0
ecclesiastes/ecclesiastes-03.md,ecclesiastes-03,22,22,22,0
ecclesiastes/ecclesiastes-07.md,ecclesiastes-07,29,29,29,0
ecclesiastes/ecclesiastes-06.md,ecclesiastes-06,12,12,12,0
ecclesiastes/ecclesiastes-12.md,ecclesiastes-12,14,14,14,0
ecclesiastes/ecclesiastes-02.md,ecclesiastes-02,25,25,25,0
acts-of-the-apostles/acts-of-the-apostles-01.md,acts-of-the-apostles-01,25,25,25,0
acts-of-the-apostles/acts-of-the-apostles-11.md,acts-of-the-apostles-11,29,29,29,0
acts-of-the-apostles/acts-of-the-apostles-25.md,acts-of-the-apostles-25,27,27,27,0
acts-of-the-apostles/acts-of-the-apostles-05.md,acts-of-the-apostles-05,42,42,42,0
acts-of-the-apostles/acts-of-the-apostles-21.md,acts-of-the-apostles-21,40,40,40,0
acts-of-the-apostles/acts-of-the-apostles-15.md,acts-of-the-apostles-15,40,40,40,0
acts-of-the-apostles/acts-of-the-apostles-04.md,acts-of-the-apostles-04,37,37,37,0
acts-of-the-apostles/acts-of-the-apostles-20.md,acts-of-the-apostles-20,38,38,38,0
acts-of-the-apostles/acts-of-the-apostles-14.md,acts-of-the-apostles-14,28,28,28,0
acts-of-the-apostles/acts-of-the-apostles-10.md,acts-of-the-apostles-10,49,49,49,0
acts-of-the-apostles/acts-of-the-apostles-24.md,acts-of-the-apostles-24,26,26,26,0
acts-of-the-apostles/acts-of-the-apostles-09.md,acts-of-the-apostles-09,43,43,43,0
acts-of-the-apostles/acts-of-the-apostles-19.md,acts-of-the-apostles-19,39,39,39,0
acts-of-the-apostles/acts-of-the-apostles-08.md,acts-of-the-apostles-08,38,38,38,0
acts-of-the-apostles/acts-of-the-apostles-18.md,acts-of-the-apostles-18,28,28,28,0
acts-of-the-apostles/acts-of-the-apostles-28.md,acts-of-the-apostles-28,30,30,30,0
acts-of-the-apostles/acts-of-the-apostles-07.md,acts-of-the-apostles-07,60,60,60,0
acts-of-the-apostles/acts-of-the-apostles-23.md,acts-of-the-apostles-23,35,35,35,0
acts-of-the-apostles/acts-of-the-apostles-17.md,acts-of-the-apostles-17,34,34,34,0
acts-of-the-apostles/acts-of-the-apostles-03.md,acts-of-the-apostles-03,26,26,26,0
acts-of-the-apostles/acts-of-the-apostles-13.md,acts-of-the-apostles-13,52,52,52,0
acts-of-the-apostles/acts-of-the-apostles-27.md,acts-of-the-apostles-27,44,44,44,0
acts-of-the-apostles/acts-of-the-apostles-02.md,acts-of-the-apostles-02,47,47,47,0
acts-of-the-apostles/acts-of-the-apostles-12.md,acts-of-the-apostles-12,24,24,24,0
acts-of-the-apostles/acts-of-the-apostles-26.md,acts-of-the-apostles-26,32,32,32,0
acts-of-the-apostles/acts-of-the-apostles-06.md,acts-of-the-apostles-06,15,15,15,0
acts-of-the-apostles/acts-of-the-apostles-22.md,acts-of-the-apostles-22,30,30,30,0
acts-of-the-apostles/acts-of-the-apostles-16.md,acts-of-the-apostles-16,40,40,40,0
1-chronicles/1-chronicles-09.md,1-chronicles-09,44,44,44,0
1-chronicles/1-chronicles-19.md,1-chronicles-19,19,19,19,0
1-chronicles/1-chronicles-29.md,1-chronicles-29,30,30,30,0
1-chronicles/1-chronicles-28.md,1-chronicles-28,21,21,21,0
1-chronicles/1-chronicles-08.md,1-chronicles-08,40,40,40,0
1-chronicles/1-chronicles-18.md,1-chronicles-18,17,17,17,0
1-chronicles/1-chronicles-03.md,1-chronicles-03,24,24,24,0
1-chronicles/1-chronicles-13.md,1-chronicles-13,0,0,0,0
1-chronicles/1-chronicles-27.md,1-chronicles-27,34,34,34,0
1-chronicles/1-chronicles-07.md,1-chronicles-07,40,40,40,0
1-chronicles/1-chronicles-23.md,1-chronicles-23,32,32,32,0
1-chronicles/1-chronicles-17.md,1-chronicles-17,27,27,27,0
1-chronicles/1-chronicles-06.md,1-chronicles-06,66,66,66,0
1-chronicles/1-chronicles-22.md,1-chronicles-22,19,19,19,0
1-chronicles/1-chronicles-16.md,1-chronicles-16,43,43,43,0
1-chronicles/1-chronicles-02.md,1-chronicles-02,55,55,55,0
1-chronicles/1-chronicles-12.md,1-chronicles-12,0,0,0,0
1-chronicles/1-chronicles-26.md,1-chronicles-26,32,32,32,0
1-chronicles/1-chronicles-05.md,1-chronicles-05,41,41,41,0
1-chronicles/1-chronicles-21.md,1-chronicles-21,30,30,30,0
1-chronicles/1-chronicles-15.md,1-chronicles-15,29,29,29,0
1-chronicles/1-chronicles-01.md,1-chronicles-01,51,51,51,0
1-chronicles/1-chronicles-11.md,1-chronicles-11,1,1,1,0
1-chronicles/1-chronicles-25.md,1-chronicles-25,30,30,30,0
1-chronicles/1-chronicles-10.md,1-chronicles-10,1,1,1,0
1-chronicles/1-chronicles-24.md,1-chronicles-24,31,31,31,0
1-chronicles/1-chronicles-04.md,1-chronicles-04,43,43,43,0
1-chronicles/1-chronicles-20.md,1-chronicles-20,8,8,8,0
1-chronicles/1-chronicles-14.md,1-chronicles-14,6,6,6,0
1-kings/1-kings-16.md,1-kings-16,34,34,34,0
1-kings/1-kings-22.md,1-kings-22,54,54,54,0
1-kings/1-kings-06.md,1-kings-06,34,34,34,0
1-kings/1-kings-12.md,1-kings-12,33,33,33,0
1-kings/1-kings-02.md,1-kings-02,45,45,45,0
1-kings/1-kings-13.md,1-kings-13,34,34,34,0
1-kings/1-kings-03.md,1-kings-03,28,28,28,0
1-kings/1-kings-17.md,1-kings-17,24,24,24,0
1-kings/1-kings-07.md,1-kings-07,50,50,50,0
1-kings/1-kings-18.md,1-kings-18,46,46,46,0
1-kings/1-kings-08.md,1-kings-08,66,66,66,0
1-kings/1-kings-19.md,1-kings-19,21,21,21,0
1-kings/1-kings-09.md,1-kings-09,28,28,28,0
1-kings/1-kings-10.md,1-kings-10,29,29,29,0
1-kings/1-kings-14.md,1-kings-14,31,31,31,0
1-kings/1-kings-20.md,1-kings-20,42,42,42,0
1-kings/1-kings-04.md,1-kings-04,5,5,5,0
1-kings/1-kings-15.md,1-kings-15,34,34,34,0
1-kings/1-kings-21.md,1-kings-21,29,29,29,0
1-kings/1-kings-05.md,1-kings-05,32,32,32,0
1-kings/1-kings-11.md,1-kings-11,43,43,43,0
1-kings/1-kings-01.md,1-kings-01,53,53,53,0
james/james-01.md,james-01,27,27,27,0
james/james-05.md,james-05,20,20,20,0
james/james-04.md,james-04,17,17,17,0
james/james-03.md,james-03,18,18,18,0
james/james-02.md,james-02,26,26,26,0
ezra/ezra-01.md,ezra-01,11,11,11,0
ezra/ezra-05.md,ezra-05,17,17,17,0
ezra/ezra-04.md,ezra-04,24,24,24,0
ezra/ezra-10.md,ezra-10,44,44,44,0
ezra/ezra-09.md,ezra-09,15,15,15,0
ezra/ezra-08.md,ezra-08,35,35,35,0
ezra/ezra-07.md,ezra-07,28,28,28,0
ezra/ezra-03.md,ezra-03,13,13,13,0
ezra/ezra-02.md,ezra-02,70,70,70,0
ezra/ezra-06.md,ezra-06,21,21,21,0
zephaniah/zephaniah-01.md,zephaniah-01,18,18,18,0
zephaniah/zephaniah-02.md,zephaniah-02,15,15,15,0
zephaniah/zephaniah-03.md,zephaniah-03,20,20,20,0
haggai/haggai-02.md,haggai-02,23,23,23,0
haggai/haggai-01.md,haggai-01,15,15,15,0
numbers/numbers-01.md,numbers-01,31,31,31,0
numbers/numbers-35.md,numbers-35,34,34,34,0
numbers/numbers-25.md,numbers-25,18,18,18,0
numbers/numbers-11.md,numbers-11,34,34,34,0
numbers/numbers-31.md,numbers-31,53,53,53,0
numbers/numbers-05.md,numbers-05,31,31,31,0
numbers/numbers-15.md,numbers-15,41,41,41,0
numbers/numbers-21.md,numbers-21,35,35,35,0
numbers/numbers-30.md,numbers-30,17,17,17,0
numbers/numbers-04.md,numbers-04,49,49,49,0
numbers/numbers-14.md,numbers-14,45,45,45,0
numbers/numbers-20.md,numbers-20,29,29,29,0
numbers/numbers-34.md,numbers-34,19,19,19,0
numbers/numbers-24.md,numbers-24,25,25,25,0
numbers/numbers-10.md,numbers-10,35,35,35,0
numbers/numbers-29.md,numbers-29,39,39,39,0
numbers/numbers-09.md,numbers-09,23,23,23,0
numbers/numbers-19.md,numbers-19,22,22,22,0
numbers/numbers-08.md,numbers-08,26,26,26,0
numbers/numbers-18.md,numbers-18,32,32,32,0
numbers/numbers-28.md,numbers-28,31,31,31,0
numbers/numbers-33.md,numbers-33,55,55,55,0
numbers/numbers-07.md,numbers-07,89,89,89,0
numbers/numbers-17.md,numbers-17,28,28,28,0
numbers/numbers-23.md,numbers-23,30,30,30,0
numbers/numbers-03.md,numbers-03,47,47,47,0
numbers/numbers-27.md,numbers-27,23,23,23,0
numbers/numbers-13.md,numbers-13,33,33,33,0
numbers/numbers-02.md,numbers-02,34,34,34,0
numbers/numbers-36.md,numbers-36,13,13,13,0
numbers/numbers-26.md,numbers-26,66,66,66,0
numbers/numbers-12.md,numbers-12,16,16,16,0
numbers/numbers-32.md,numbers-32,42,42,42,0
numbers/numbers-06.md,numbers-06,27,27,27,0
numbers/numbers-16.md,numbers-16,35,35,35,0
numbers/numbers-22.md,numbers-22,41,41,41,0
leviticus/leviticus-19.md,leviticus-19,37,37,37,0
leviticus/leviticus-09.md,leviticus-09,24,24,24,0
leviticus/leviticus-18.md,leviticus-18,29,29,29,0
leviticus/leviticus-08.md,leviticus-08,36,36,36,0
leviticus/leviticus-23.md,leviticus-23,44,44,44,0
leviticus/leviticus-17.md,leviticus-17,16,16,16,0
leviticus/leviticus-07.md,leviticus-07,37,37,37,0
leviticus/leviticus-13.md,leviticus-13,0,0,0,0
leviticus/leviticus-27.md,leviticus-27,34,34,34,0
leviticus/leviticus-03.md,leviticus-03,17,17,17,0
leviticus/leviticus-12.md,leviticus-12,0,0,0,0
leviticus/leviticus-26.md,leviticus-26,46,46,46,0
leviticus/leviticus-02.md,leviticus-02,16,16,16,0
leviticus/leviticus-22.md,leviticus-22,33,33,33,0
leviticus/leviticus-16.md,leviticus-16,34,34,34,0
leviticus/leviticus-06.md,leviticus-06,23,23,23,0
leviticus/leviticus-11.md,leviticus-11,47,47,47,0
leviticus/leviticus-25.md,leviticus-25,55,55,55,0
leviticus/leviticus-01.md,leviticus-01,17,17,17,0
leviticus/leviticus-21.md,leviticus-21,24,24,24,0
leviticus/leviticus-15.md,leviticus-15,33,33,33,0
leviticus/leviticus-05.md,leviticus-05,26,26,26,0
leviticus/leviticus-20.md,leviticus-20,27,27,27,0
leviticus/leviticus-14.md,leviticus-14,57,57,57,0
leviticus/leviticus-04.md,leviticus-04,35,35,35,0
leviticus/leviticus-10.md,leviticus-10,20,20,20,0
leviticus/leviticus-24.md,leviticus-24,23,23,23,0
luke/luke-18.md,luke-18,43,43,43,0
luke/luke-08.md,luke-08,56,56,56,0
luke/luke-19.md,luke-19,48,48,48,0
luke/luke-09.md,luke-09,60,60,60,0
luke/luke-22.md,luke-22,70,70,70,0
luke/luke-16.md,luke-16,31,31,31,0
luke/luke-06.md,luke-06,48,48,48,0
luke/luke-12.md,luke-12,58,58,58,0
luke/luke-02.md,luke-02,52,52,52,0
luke/luke-13.md,luke-13,35,35,35,0
luke/luke-03.md,luke-03,37,37,37,0
luke/luke-23.md,luke-23,55,55,55,0
luke/luke-17.md,luke-17,36,36,36,0
luke/luke-07.md,luke-07,50,50,50,0
luke/luke-10.md,luke-10,42,42,42,0
luke/luke-24.md,luke-24,53,53,53,0
luke/luke-20.md,luke-20,47,47,47,0
luke/luke-14.md,luke-14,34,34,34,0
luke/luke-04.md,luke-04,44,44,44,0
luke/luke-21.md,luke-21,38,38,38,0
luke/luke-15.md,luke-15,31,31,31,0
luke/luke-05.md,luke-05,38,38,38,0
luke/luke-11.md,luke-11,54,54,54,0
luke/luke-01.md,luke-01,80,80,80,0
1-timothy/1-timothy-02.md,1-timothy-02,15,15,15,0
1-timothy/1-timothy-06.md,1-timothy-06,20,20,20,0
1-timothy/1-timothy-03.md,1-timothy-03,16,16,16,0
1-timothy/1-timothy-04.md,1-timothy-04,16,16,16,0
1-timothy/1-timothy-01.md,1-timothy-01,0,0,0,0
1-timothy/1-timothy-05.md,1-timothy-05,24,24,24,0
jeremiah/jeremiah-05.md,jeremiah-05,31,31,31,0
jeremiah/jeremiah-31.md,jeremiah-31,40,40,40,0
jeremiah/jeremiah-21.md,jeremiah-21,14,14,14,0
jeremiah/jeremiah-44.md,jeremiah-44,30,30,30,0
jeremiah/jeremiah-15.md,jeremiah-15,21,21,21,0
jeremiah/jeremiah-35.md,jeremiah-35,19,19,19,0
jeremiah/jeremiah-50.md,jeremiah-50,46,46,46,0
jeremiah/jeremiah-01.md,jeremiah-01,19,19,19,0
jeremiah/jeremiah-11.md,jeremiah-11,23,23,23,0
jeremiah/jeremiah-40.md,jeremiah-40,16,16,16,0
jeremiah/jeremiah-25.md,jeremiah-25,38,38,38,0
jeremiah/jeremiah-34.md,jeremiah-34,21,21,21,0
jeremiah/jeremiah-51.md,jeremiah-51,64,64,64,0
jeremiah/jeremiah-10.md,jeremiah-10,25,25,25,0
jeremiah/jeremiah-41.md,jeremiah-41,18,18,18,0
jeremiah/jeremiah-24.md,jeremiah-24,10,10,10,0
jeremiah/jeremiah-04.md,jeremiah-04,31,31,31,0
jeremiah/jeremiah-30.md,jeremiah-30,24,24,24,0
jeremiah/jeremiah-20.md,jeremiah-20,18,18,18,0
jeremiah/jeremiah-45.md,jeremiah-45,5,5,5,0
jeremiah/jeremiah-14.md,jeremiah-14,22,22,22,0
jeremiah/jeremiah-09.md,jeremiah-09,25,25,25,0
jeremiah/jeremiah-48.md,jeremiah-48,47,47,47,0
jeremiah/jeremiah-19.md,jeremiah-19,15,15,15,0
jeremiah/jeremiah-39.md,jeremiah-39,16,16,16,0
jeremiah/jeremiah-29.md,jeremiah-29,32,32,32,0
jeremiah/jeremiah-38.md,jeremiah-38,28,28,28,0
jeremiah/jeremiah-28.md,jeremiah-28,17,17,17,0
jeremiah/jeremiah-08.md,jeremiah-08,23,23,23,0
jeremiah/jeremiah-49.md,jeremiah-49,39,39,39,0
jeremiah/jeremiah-18.md,jeremiah-18,23,23,23,0
jeremiah/jeremiah-37.md,jeremiah-37,20,20,20,0
jeremiah/jeremiah-03.md,jeremiah-03,25,25,25,0
jeremiah/jeremiah-52.md,jeremiah-52,34,34,34,0
jeremiah/jeremiah-42.md,jeremiah-42,22,22,22,0
jeremiah/jeremiah-13.md,jeremiah-13,27,27,27,0
jeremiah/jeremiah-27.md,jeremiah-27,22,22,22,0
jeremiah/jeremiah-07.md,jeremiah-07,34,34,34,0
jeremiah/jeremiah-33.md,jeremiah-33,26,26,26,0
jeremiah/jeremiah-23.md,jeremiah-23,40,40,40,0
jeremiah/jeremiah-17.md,jeremiah-17,27,27,27,0
jeremiah/jeremiah-46.md,jeremiah-46,28,28,28,0
jeremiah/jeremiah-06.md,jeremiah-06,30,30,30,0
jeremiah/jeremiah-32.md,jeremiah-32,44,44,44,0
jeremiah/jeremiah-22.md,jeremiah-22,30,30,30,0
jeremiah/jeremiah-16.md,jeremiah-16,21,21,21,0
jeremiah/jeremiah-47.md,jeremiah-47,7,7,7,0
jeremiah/jeremiah-36.md,jeremiah-36,32,32,32,0
jeremiah/jeremiah-02.md,jeremiah-02,37,37,37,0
jeremiah/jeremiah-43.md,jeremiah-43,13,13,13,0
jeremiah/jeremiah-12.md,jeremiah-12,17,17,17,0
jeremiah/jeremiah-26.md,jeremiah-26,24,24,24,0
song-of-songs/song-of-songs-08.md,song-of-songs-08,14,14,14,0
song-of-songs/song-of-songs-07.md,song-of-songs-07,14,14,14,0
song-of-songs/song-of-songs-03.md,song-of-songs-03,11,11,11,0
song-of-songs/song-of-songs-02.md,song-of-songs-02,17,17,17,0
song-of-songs/song-of-songs-06.md,song-of-songs-06,12,12,12,0
song-of-songs/song-of-songs-01.md,song-of-songs-01,17,17,17,0
song-of-songs/song-of-songs-05.md,song-of-songs-05,16,16,16,0
song-of-songs/song-of-songs-04.md,song-of-songs-04,16,16,16,0
1-john/1-john-03.md,1-john-03,24,24,24,0
1-john/1-john-02.md,1-john-02,29,29,29,0
1-john/1-john-01.md,1-john-01,10,10,10,0
1-john/1-john-05.md,1-john-05,21,21,21,0
1-john/1-john-04.md,1-john-04,21,21,21,0
1-peter/1-peter-03.md,1-peter-03,22,22,22,0
1-peter/1-peter-02.md,1-peter-02,25,25,25,0
1-peter/1-peter-01.md,1-peter-01,25,25,25,0
1-peter/1-peter-05.md,1-peter-05,13,13,13,0
1-peter/1-peter-04.md,1-peter-04,18,18,18,0
ruth/ruth-02.md,ruth-02,23,23,23,0
ruth/ruth-03.md,ruth-03,18,18,18,0
ruth/ruth-04.md,ruth-04,22,22,22,0
ruth/ruth-01.md,ruth-01,22,22,22,0
2-samuel/2-samuel-12.md,2-samuel-12,31,31,31,0
2-samuel/2-samuel-02.md,2-samuel-02,32,32,32,0
2-samuel/2-samuel-16.md,2-samuel-16,23,23,23,0
2-samuel/2-samuel-22.md,2-samuel-22,51,51,51,0
2-samuel/2-samuel-06.md,2-samuel-06,23,23,23,0
2-samuel/2-samuel-17.md,2-samuel-17,29,29,29,0
2-samuel/2-samuel-23.md,2-samuel-23,39,39,39,0
2-samuel/2-samuel-07.md,2-samuel-07,29,29,29,0
2-samuel/2-samuel-13.md,2-samuel-13,39,39,39,0
2-samuel/2-samuel-03.md,2-samuel-03,39,39,39,0
2-samuel/2-samuel-18.md,2-samuel-18,32,32,32,0
2-samuel/2-samuel-08.md,2-samuel-08,18,18,18,0
2-samuel/2-samuel-19.md,2-samuel-19,43,43,43,0
2-samuel/2-samuel-09.md,2-samuel-09,13,13,13,0
2-samuel/2-samuel-14.md,2-samuel-14,33,33,33,0
2-samuel/2-samuel-20.md,2-samuel-20,26,26,26,0
2-samuel/2-samuel-04.md,2-samuel-04,12,12,12,0
2-samuel/2-samuel-24.md,2-samuel-24,23,23,23,0
2-samuel/2-samuel-10.md,2-samuel-10,19,19,19,0
2-samuel/2-samuel-11.md,2-samuel-11,27,27,27,0
2-samuel/2-samuel-01.md,2-samuel-01,27,27,27,0
2-samuel/2-samuel-15.md,2-samuel-15,37,37,37,0
2-samuel/2-samuel-21.md,2-samuel-21,22,22,22,0
2-samuel/2-samuel-05.md,2-samuel-05,25,25,25,0
amos/amos-03.md,amos-03,15,15,15,0
amos/amos-07.md,amos-07,17,17,17,0
amos/amos-06.md,amos-06,14,14,14,0
amos/amos-02.md,amos-02,16,16,16,0
amos/amos-09.md,amos-09,15,15,15,0
amos/amos-08.md,amos-08,14,14,14,0
amos/amos-05.md,amos-05,27,27,27,0
amos/amos-01.md,amos-01,15,15,15,0
amos/amos-04.md,amos-04,13,13,13,0
galatians/galatians-01.md,galatians-01,24,24,24,0
galatians/galatians-05.md,galatians-05,26,26,26,0
galatians/galatians-04.md,galatians-04,31,31,31,0
galatians/galatians-03.md,galatians-03,28,28,28,0
galatians/galatians-02.md,galatians-02,21,21,21,0
galatians/galatians-06.md,galatians-06,17,17,17,0
judith/judith-10.md,judith-10,23,23,23,0
judith/judith-14.md,judith-14,19,19,19,0
judith/judith-04.md,judith-04,15,15,15,0
judith/judith-15.md,judith-15,14,14,14,0
judith/judith-05.md,judith-05,24,24,24,0
judith/judith-11.md,judith-11,23,23,23,0
judith/judith-01.md,judith-01,16,16,16,0
judith/judith-16.md,judith-16,25,25,25,0
judith/judith-06.md,judith-06,21,21,21,0
judith/judith-12.md,judith-12,20,20,20,0
judith/judith-02.md,judith-02,28,28,28,0
judith/judith-13.md,judith-13,20,20,20,0
judith/judith-03.md,judith-03,10,10,10,0
judith/judith-07.md,judith-07,32,32,32,0
judith/judith-08.md,judith-08,36,36,36,0
judith/judith-09.md,judith-09,14,14,14,0
deuteronomy/deuteronomy-23.md,deuteronomy-23,26,26,26,0
deuteronomy/deuteronomy-17.md,deuteronomy-17,20,20,20,0
deuteronomy/deuteronomy-07.md,deuteronomy-07,26,26,26,0
deuteronomy/deuteronomy-33.md,deuteronomy-33,29,29,29,0
deuteronomy/deuteronomy-13.md,deuteronomy-13,19,19,19,0
deuteronomy/deuteronomy-27.md,deuteronomy-27,26,26,26,0
deuteronomy/deuteronomy-03.md,deuteronomy-03,29,29,29,0
deuteronomy/deuteronomy-12.md,deuteronomy-12,31,31,31,0
deuteronomy/deuteronomy-26.md,deuteronomy-26,19,19,19,0
deuteronomy/deuteronomy-02.md,deuteronomy-02,37,37,37,0
deuteronomy/deuteronomy-22.md,deuteronomy-22,29,29,29,0
deuteronomy/deuteronomy-16.md,deuteronomy-16,22,22,22,0
deuteronomy/deuteronomy-06.md,deuteronomy-06,0,0,0,0
deuteronomy/deuteronomy-32.md,deuteronomy-32,52,52,52,0
deuteronomy/deuteronomy-29.md,deuteronomy-29,28,28,28,0
deuteronomy/deuteronomy-19.md,deuteronomy-19,21,21,21,0
deuteronomy/deuteronomy-09.md,deuteronomy-09,29,29,29,0
deuteronomy/deuteronomy-18.md,deuteronomy-18,22,22,22,0
deuteronomy/deuteronomy-08.md,deuteronomy-08,20,20,20,0
deuteronomy/deuteronomy-28.md,deuteronomy-28,68,68,68,0
deuteronomy/deuteronomy-11.md,deuteronomy-11,32,32,32,0
deuteronomy/deuteronomy-25.md,deuteronomy-25,19,19,19,0
deuteronomy/deuteronomy-01.md,deuteronomy-01,46,46,46,0
deuteronomy/deuteronomy-21.md,deuteronomy-21,22,22,22,0
deuteronomy/deuteronomy-15.md,deuteronomy-15,23,23,23,0
deuteronomy/deuteronomy-05.md,deuteronomy-05,33,33,33,0
deuteronomy/deuteronomy-31.md,deuteronomy-31,30,30,30,0
deuteronomy/deuteronomy-20.md,deuteronomy-20,18,18,18,0
deuteronomy/deuteronomy-14.md,deuteronomy-14,29,29,29,0
deuteronomy/deuteronomy-04.md,deuteronomy-04,49,49,49,0
deuteronomy/deuteronomy-30.md,deuteronomy-30,20,20,20,0
deuteronomy/deuteronomy-10.md,deuteronomy-10,22,22,22,0
deuteronomy/deuteronomy-24.md,deuteronomy-24,22,22,22,0
deuteronomy/deuteronomy-34.md,deuteronomy-34,12,12,12,0
2-maccabees/2-maccabees-14.md,2-maccabees-14,0,0,0,0
2-maccabees/2-maccabees-04.md,2-maccabees-04,0,0,0,0
2-maccabees/2-maccabees-10.md,2-maccabees-10,0,0,0,0
2-maccabees/2-maccabees-11.md,2-maccabees-11,0,0,0,0
2-maccabees/2-maccabees-01.md,2-maccabees-01,36,36,36,0
2-maccabees/2-maccabees-15.md,2-maccabees-15,8,8,8,0
2-maccabees/2-maccabees-05.md,2-maccabees-05,0,0,0,0
2-maccabees/2-maccabees-08.md,2-maccabees-08,0,0,0,0
2-maccabees/2-maccabees-09.md,2-maccabees-09,0,0,0,0
2-maccabees/2-maccabees-12.md,2-maccabees-12,0,0,0,0
2-maccabees/2-maccabees-02.md,2-maccabees-02,1,1,1,0
2-maccabees/2-maccabees-06.md,2-maccabees-06,0,0,0,0
2-maccabees/2-maccabees-07.md,2-maccabees-07,0,0,0,0
2-maccabees/2-maccabees-13.md,2-maccabees-13,0,0,0,0
2-maccabees/2-maccabees-03.md,2-maccabees-03,0,0,0,0
2-kings/2-kings-09.md,2-kings-09,37,37,37,0
2-kings/2-kings-19.md,2-kings-19,36,36,36,0
2-kings/2-kings-08.md,2-kings-08,28,28,28,0
2-kings/2-kings-18.md,2-kings-18,36,36,36,0
2-kings/2-kings-07.md,2-kings-07,20,20,20,0
2-kings/2-kings-17.md,2-kings-17,41,41,41,0
2-kings/2-kings-23.md,2-kings-23,37,37,37,0
2-kings/2-kings-03.md,2-kings-03,27,27,27,0
2-kings/2-kings-13.md,2-kings-13,25,25,25,0
2-kings/2-kings-02.md,2-kings-02,25,25,25,0
2-kings/2-kings-12.md,2-kings-12,22,22,22,0
2-kings/2-kings-06.md,2-kings-06,32,32,32,0
2-kings/2-kings-16.md,2-kings-16,20,20,20,0
2-kings/2-kings-22.md,2-kings-22,20,20,20,0
2-kings/2-kings-01.md,2-kings-01,18,18,18,0
2-kings/2-kings-25.md,2-kings-25,30,30,30,0
2-kings/2-kings-11.md,2-kings-11,20,20,20,0
2-kings/2-kings-05.md,2-kings-05,27,27,27,0
2-kings/2-kings-15.md,2-kings-15,38,38,38,0
2-kings/2-kings-21.md,2-kings-21,26,26,26,0
2-kings/2-kings-04.md,2-kings-04,44,44,44,0
2-kings/2-kings-14.md,2-kings-14,29,29,29,0
2-kings/2-kings-20.md,2-kings-20,21,21,21,0
2-kings/2-kings-24.md,2-kings-24,20,20,20,0
2-kings/2-kings-10.md,2-kings-10,36,36,36,0
hebrews/hebrews-04.md,hebrews-04,16,16,16,0
hebrews/hebrews-10.md,hebrews-10,39,39,39,0
hebrews/hebrews-11.md,hebrews-11,40,40,40,0
hebrews/hebrews-01.md,hebrews-01,14,14,14,0
hebrews/hebrews-05.md,hebrews-05,14,14,14,0
hebrews/hebrews-08.md,hebrews-08,13,13,13,0
hebrews/hebrews-09.md,hebrews-09,28,28,28,0
hebrews/hebrews-12.md,hebrews-12,27,27,27,0
hebrews/hebrews-02.md,hebrews-02,17,17,17,0
hebrews/hebrews-06.md,hebrews-06,18,18,18,0
hebrews/hebrews-07.md,hebrews-07,28,28,28,0
hebrews/hebrews-13.md,hebrews-13,24,24,24,0
hebrews/hebrews-03.md,hebrews-03,19,19,19,0
philemon/philemon-01.md,philemon-01,25,25,25,0
ephesians/ephesians-01.md,ephesians-01,23,23,23,0
ephesians/ephesians-05.md,ephesians-05,33,33,33,0
ephesians/ephesians-04.md,ephesians-04,31,31,31,0
ephesians/ephesians-03.md,ephesians-03,21,21,21,0
ephesians/ephesians-02.md,ephesians-02,22,22,22,0
ephesians/ephesians-06.md,ephesians-06,24,24,24,0
daniel/daniel-05.md,daniel-05,30,30,30,0
daniel/daniel-11.md,daniel-11,45,45,45,0
daniel/daniel-01.md,daniel-01,21,21,21,0
daniel/daniel-10.md,daniel-10,21,21,21,0
daniel/daniel-14.md,daniel-14,42,42,42,0
daniel/daniel-04.md,daniel-04,33,33,33,0
daniel/daniel-09.md,daniel-09,27,27,27,0
daniel/daniel-08.md,daniel-08,27,27,27,0
daniel/daniel-13.md,daniel-13,64,64,64,0
daniel/daniel-03.md,daniel-03,100,100,100,0
daniel/daniel-07.md,daniel-07,28,28,28,0
daniel/daniel-06.md,daniel-06,29,29,29,0
daniel/daniel-12.md,daniel-12,13,13,13,0
daniel/daniel-02.md,daniel-02,49,49,49,0
jude/jude-01.md,jude-01,25,25,25,0
mark/mark-16.md,mark-16,20,20,20,0
mark/mark-06.md,mark-06,56,56,56,0
mark/mark-12.md,mark-12,44,44,44,0
mark/mark-02.md,mark-02,26,26,26,0
mark/mark-13.md,mark-13,37,37,37,0
mark/mark-03.md,mark-03,35,35,35,0
mark/mark-07.md,mark-07,36,36,36,0
mark/mark-08.md,mark-08,37,37,37,0
mark/mark-09.md,mark-09,47,47,47,0
mark/mark-10.md,mark-10,51,51,51,0
mark/mark-14.md,mark-14,72,72,72,0
mark/mark-04.md,mark-04,41,41,41,0
mark/mark-15.md,mark-15,46,46,46,0
mark/mark-05.md,mark-05,43,43,43,0
mark/mark-11.md,mark-11,32,32,32,0
mark/mark-01.md,mark-01,45,45,45,0
romans/romans-09.md,romans-09,33,33,33,0
romans/romans-08.md,romans-08,38,38,38,0
romans/romans-07.md,romans-07,25,25,25,0
romans/romans-03.md,romans-03,31,31,31,0
romans/romans-13.md,romans-13,14,14,14,0
romans/romans-02.md,romans-02,29,29,29,0
romans/romans-12.md,romans-12,21,21,21,0
romans/romans-06.md,romans-06,22,22,22,0
romans/romans-16.md,romans-16,27,27,27,0
romans/romans-01.md,romans-01,31,31,31,0
romans/romans-11.md,romans-11,35,35,35,0
romans/romans-05.md,romans-05,21,21,21,0
romans/romans-15.md,romans-15,32,32,32,0
romans/romans-04.md,romans-04,25,25,25,0
romans/romans-14.md,romans-14,23,23,23,0
romans/romans-10.md,romans-10,21,21,21,0
judges/judges-11.md,judges-11,40,40,40,0
judges/judges-01.md,judges-01,36,36,36,0
judges/judges-21.md,judges-21,25,25,25,0
judges/judges-15.md,judges-15,20,20,20,0
judges/judges-05.md,judges-05,31,31,31,0
judges/judges-20.md,judges-20,48,48,48,0
judges/judges-14.md,judges-14,20,20,20,0
judges/judges-04.md,judges-04,24,24,24,0
judges/judges-10.md,judges-10,18,18,18,0
judges/judges-19.md,judges-19,30,30,30,0
judges/judges-09.md,judges-09,57,57,57,0
judges/judges-18.md,judges-18,31,31,31,0
judges/judges-08.md,judges-08,35,35,35,0
judges/judges-17.md,judges-17,13,13,13,0
judges/judges-07.md,judges-07,25,25,25,0
judges/judges-13.md,judges-13,25,25,25,0
judges/judges-03.md,judges-03,30,30,30,0
judges/judges-12.md,judges-12,15,15,15,0
judges/judges-02.md,judges-02,23,23,23,0
judges/judges-16.md,judges-16,31,31,31,0
judges/judges-06.md,judges-06,40,40,40,0
2-peter/2-peter-02.md,2-peter-02,22,22,22,0
2-peter/2-peter-03.md,2-peter-03,18,18,18,0
2-peter/2-peter-01.md,2-peter-01,20,20,20,0
jonah/jonah-02.md,jonah-02,11,11,11,0
jonah/jonah-03.md,jonah-03,10,10,10,0
jonah/jonah-04.md,jonah-04,11,11,11,0
jonah/jonah-01.md,jonah-01,16,16,16,0
titus/titus-01.md,titus-01,16,16,16,0
titus/titus-03.md,titus-03,15,15,15,0
titus/titus-02.md,titus-02,15,15,15,0
2-timothy/2-timothy-03.md,2-timothy-03,17,17,17,0
2-timothy/2-timothy-02.md,2-timothy-02,24,24,24,0
2-timothy/2-timothy-01.md,2-timothy-01,17,17,17,0
2-timothy/2-timothy-04.md,2-timothy-04,22,22,22,0
1-maccabees/1-maccabees-09.md,1-maccabees-09,72,72,72,0
1-maccabees/1-maccabees-08.md,1-maccabees-08,31,31,31,0
1-maccabees/1-maccabees-07.md,1-maccabees-07,49,49,49,0
1-maccabees/1-maccabees-03.md,1-maccabees-03,60,60,60,0
1-maccabees/1-maccabees-13.md,1-maccabees-13,50,50,50,0
1-maccabees/1-maccabees-02.md,1-maccabees-02,68,68,68,0
1-maccabees/1-maccabees-12.md,1-maccabees-12,53,53,53,0
1-maccabees/1-maccabees-06.md,1-maccabees-06,60,60,60,0
1-maccabees/1-maccabees-16.md,1-maccabees-16,24,24,24,0
1-maccabees/1-maccabees-01.md,1-maccabees-01,63,63,63,0
1-maccabees/1-maccabees-11.md,1-maccabees-11,72,72,72,0
1-maccabees/1-maccabees-05.md,1-maccabees-05,68,68,68,0
1-maccabees/1-maccabees-15.md,1-maccabees-15,41,41,41,0
1-maccabees/1-maccabees-04.md,1-maccabees-04,61,61,61,0
1-maccabees/1-maccabees-14.md,1-maccabees-14,49,49,49,0
1-maccabees/1-maccabees-10.md,1-maccabees-10,86,86,86,0
exodus/exodus-04.md,exodus-04,31,31,31,0
exodus/exodus-30.md,exodus-30,38,38,38,0
exodus/exodus-20.md,exodus-20,26,26,26,0
exodus/exodus-14.md,exodus-14,31,31,31,0
exodus/exodus-34.md,exodus-34,35,35,35,0
exodus/exodus-10.md,exodus-10,29,29,29,0
exodus/exodus-24.md,exodus-24,17,17,17,0
exodus/exodus-35.md,exodus-35,35,35,35,0
exodus/exodus-01.md,exodus-01,22,22,22,0
exodus/exodus-11.md,exodus-11,10,10,10,0
exodus/exodus-40.md,exodus-40,38,38,38,0
exodus/exodus-25.md,exodus-25,40,40,40,0
exodus/exodus-05.md,exodus-05,23,23,23,0
exodus/exodus-31.md,exodus-31,18,18,18,0
exodus/exodus-21.md,exodus-21,37,37,37,0
exodus/exodus-15.md,exodus-15,27,27,27,0
exodus/exodus-36.md,exodus-36,38,38,38,0
exodus/exodus-02.md,exodus-02,25,25,25,0
exodus/exodus-12.md,exodus-12,51,51,51,0
exodus/exodus-26.md,exodus-26,37,37,37,0
exodus/exodus-06.md,exodus-06,30,30,30,0
exodus/exodus-32.md,exodus-32,35,35,35,0
exodus/exodus-22.md,exodus-22,30,30,30,0
exodus/exodus-16.md,exodus-16,36,36,36,0
exodus/exodus-07.md,exodus-07,29,29,29,0
exodus/exodus-33.md,exodus-33,23,23,23,0
exodus/exodus-23.md,exodus-23,33,33,33,0
exodus/exodus-17.md,exodus-17,15,15,15,0
exodus/exodus-37.md,exodus-37,29,29,29,0
exodus/exodus-03.md,exodus-03,22,22,22,0
exodus/exodus-13.md,exodus-13,22,22,22,0
exodus/exodus-27.md,exodus-27,21,21,21,0
exodus/exodus-08.md,exodus-08,28,28,28,0
exodus/exodus-18.md,exodus-18,26,26,26,0
exodus/exodus-38.md,exodus-38,31,31,31,0
exodus/exodus-28.md,exodus-28,43,43,43,0
exodus/exodus-39.md,exodus-39,43,43,43,0
exodus/exodus-29.md,exodus-29,46,46,46,0
exodus/exodus-09.md,exodus-09,35,35,35,0
exodus/exodus-19.md,exodus-19,25,25,25,0
1-thessalonians/1-thessalonians-04.md,1-thessalonians-04,18,18,18,0
1-thessalonians/1-thessalonians-05.md,1-thessalonians-05,28,28,28,0
1-thessalonians/1-thessalonians-01.md,1-thessalonians-01,10,10,10,0
1-thessalonians/1-thessalonians-02.md,1-thessalonians-02,19,19,19,0
1-thessalonians/1-thessalonians-03.md,1-thessalonians-03,13,13,13,0
ezekiel/ezekiel-18.md,ezekiel-18,32,32,32,0
ezekiel/ezekiel-08.md,ezekiel-08,18,18,18,0
ezekiel/ezekiel-28.md,ezekiel-28,26,26,26,0
ezekiel/ezekiel-38.md,ezekiel-38,23,23,23,0
ezekiel/ezekiel-29.md,ezekiel-29,21,21,21,0
ezekiel/ezekiel-39.md,ezekiel-39,29,29,29,0
ezekiel/ezekiel-19.md,ezekiel-19,14,14,14,0
ezekiel/ezekiel-48.md,ezekiel-48,35,35,35,0
ezekiel/ezekiel-09.md,ezekiel-09,11,11,11,0
ezekiel/ezekiel-26.md,ezekiel-26,21,21,21,0
ezekiel/ezekiel-12.md,ezekiel-12,28,28,28,0
ezekiel/ezekiel-43.md,ezekiel-43,27,27,27,0
ezekiel/ezekiel-02.md,ezekiel-02,10,10,10,0
ezekiel/ezekiel-36.md,ezekiel-36,37,37,37,0
ezekiel/ezekiel-47.md,ezekiel-47,23,23,23,0
ezekiel/ezekiel-16.md,ezekiel-16,62,62,62,0
ezekiel/ezekiel-22.md,ezekiel-22,31,31,31,0
ezekiel/ezekiel-32.md,ezekiel-32,32,32,32,0
ezekiel/ezekiel-06.md,ezekiel-06,14,14,14,0
ezekiel/ezekiel-46.md,ezekiel-46,24,24,24,0
ezekiel/ezekiel-17.md,ezekiel-17,24,24,24,0
ezekiel/ezekiel-23.md,ezekiel-23,49,49,49,0
ezekiel/ezekiel-33.md,ezekiel-33,33,33,33,0
ezekiel/ezekiel-07.md,ezekiel-07,27,27,27,0
ezekiel/ezekiel-27.md,ezekiel-27,36,36,36,0
ezekiel/ezekiel-13.md,ezekiel-13,22,22,22,0
ezekiel/ezekiel-42.md,ezekiel-42,19,19,19,0
ezekiel/ezekiel-03.md,ezekiel-03,27,27,27,0
ezekiel/ezekiel-37.md,ezekiel-37,28,28,28,0
ezekiel/ezekiel-14.md,ezekiel-14,23,23,23,0
ezekiel/ezekiel-45.md,ezekiel-45,25,25,25,0
ezekiel/ezekiel-20.md,ezekiel-20,43,43,43,0
ezekiel/ezekiel-30.md,ezekiel-30,26,26,26,0
ezekiel/ezekiel-04.md,ezekiel-04,17,17,17,0
ezekiel/ezekiel-24.md,ezekiel-24,27,27,27,0
ezekiel/ezekiel-41.md,ezekiel-41,20,20,20,0
ezekiel/ezekiel-10.md,ezekiel-10,22,22,22,0
ezekiel/ezekiel-34.md,ezekiel-34,31,31,31,0
ezekiel/ezekiel-25.md,ezekiel-25,17,17,17,0
ezekiel/ezekiel-40.md,ezekiel-40,49,49,49,0
ezekiel/ezekiel-11.md,ezekiel-11,25,25,25,0
ezekiel/ezekiel-01.md,ezekiel-01,28,28,28,0
ezekiel/ezekiel-35.md,ezekiel-35,15,15,15,0
ezekiel/ezekiel-15.md,ezekiel-15,8,8,8,0
ezekiel/ezekiel-44.md,ezekiel-44,31,31,31,0
ezekiel/ezekiel-21.md,ezekiel-21,37,37,37,0
ezekiel/ezekiel-31.md,ezekiel-31,18,18,18,0
ezekiel/ezekiel-05.md,ezekiel-05,17,17,17,0
matthew/matthew-19.md,matthew-19,30,29,30,0
matthew/matthew-09.md,matthew-09,37,37,37,0
matthew/matthew-28.md,matthew-28,20,20,20,0
matthew/matthew-18.md,matthew-18,34,34,34,0
matthew/matthew-08.md,matthew-08,33,33,33,0
matthew/matthew-27.md,matthew-27,66,66,66,0
matthew/matthew-13.md,matthew-13,58,58,58,0
matthew/matthew-03.md,matthew-03,17,17,17,0
matthew/matthew-17.md,matthew-17,26,26,26,0
matthew/matthew-23.md,matthew-23,38,38,38,0
matthew/matthew-07.md,matthew-07,28,28,28,0
matthew/matthew-16.md,matthew-16,27,27,27,0
matthew/matthew-22.md,matthew-22,46,46,46,0
matthew/matthew-06.md,matthew-06,34,34,34,0
matthew/matthew-26.md,matthew-26,75,75,75,0
matthew/matthew-12.md,matthew-12,50,50,50,0
matthew/matthew-02.md,matthew-02,23,23,23,0
matthew/matthew-15.md,matthew-15,39,39,39,0
matthew/matthew-21.md,matthew-21,46,46,46,0
matthew/matthew-05.md,matthew-05,48,48,48,0
matthew/matthew-25.md,matthew-25,44,44,44,0
matthew/matthew-11.md,matthew-11,30,30,30,0
matthew/matthew-01.md,matthew-01,25,25,25,0
matthew/matthew-24.md,matthew-24,51,51,51,0
matthew/matthew-10.md,matthew-10,41,41,41,0
matthew/matthew-14.md,matthew-14,36,36,36,0
matthew/matthew-20.md,matthew-20,34,34,34,0
matthew/matthew-04.md,matthew-04,25,25,25,0
wisdom/wisdom-18.md,wisdom-18,25,25,25,0
wisdom/wisdom-08.md,wisdom-08,21,21,21,0
wisdom/wisdom-19.md,wisdom-19,22,22,22,0
wisdom/wisdom-09.md,wisdom-09,18,18,18,0
wisdom/wisdom-12.md,wisdom-12,26,26,26,0
wisdom/wisdom-02.md,wisdom-02,24,24,24,0
wisdom/wisdom-16.md,wisdom-16,29,29,29,0
wisdom/wisdom-06.md,wisdom-06,25,25,25,0
wisdom/wisdom-17.md,wisdom-17,21,21,21,0
wisdom/wisdom-07.md,wisdom-07,29,29,29,0
wisdom/wisdom-13.md,wisdom-13,19,19,19,0
wisdom/wisdom-03.md,wisdom-03,19,19,19,0
wisdom/wisdom-14.md,wisdom-14,31,31,31,0
wisdom/wisdom-04.md,wisdom-04,19,19,19,0
wisdom/wisdom-10.md,wisdom-10,21,21,21,0
wisdom/wisdom-11.md,wisdom-11,26,26,26,0
wisdom/wisdom-01.md,wisdom-01,16,16,16,0
wisdom/wisdom-15.md,wisdom-15,19,19,19,0
wisdom/wisdom-05.md,wisdom-05,23,23,23,0
2-corinthians/2-corinthians-04.md,2-corinthians-04,18,18,18,0
2-corinthians/2-corinthians-10.md,2-corinthians-10,18,18,18,0
2-corinthians/2-corinthians-01.md,2-corinthians-01,23,23,23,0
2-corinthians/2-corinthians-11.md,2-corinthians-11,33,33,33,0
2-corinthians/2-corinthians-05.md,2-corinthians-05,21,21,21,0
2-corinthians/2-corinthians-08.md,2-corinthians-08,24,24,24,0
2-corinthians/2-corinthians-09.md,2-corinthians-09,15,15,15,0
2-corinthians/2-corinthians-02.md,2-corinthians-02,17,17,17,0
2-corinthians/2-corinthians-12.md,2-corinthians-12,21,21,21,0
2-corinthians/2-corinthians-06.md,2-corinthians-06,18,18,18,0
2-corinthians/2-corinthians-07.md,2-corinthians-07,16,16,16,0
2-corinthians/2-corinthians-03.md,2-corinthians-03,18,18,18,0
2-corinthians/2-corinthians-13.md,2-corinthians-13,13,13,13,0
proverbs/proverbs-01.md,proverbs-01,33,33,33,0
proverbs/proverbs-25.md,proverbs-25,28,28,28,0
proverbs/proverbs-11.md,proverbs-11,31,31,31,0
proverbs/proverbs-31.md,proverbs-31,31,31,31,0
proverbs/proverbs-05.md,proverbs-05,23,23,23,0
proverbs/proverbs-15.md,proverbs-15,33,33,33,0
proverbs/proverbs-21.md,proverbs-21,31,31,31,0
proverbs/proverbs-30.md,proverbs-30,33,33,33,0
proverbs/proverbs-04.md,proverbs-04,27,27,27,0
proverbs/proverbs-14.md,proverbs-14,35,35,35,0
proverbs/proverbs-20.md,proverbs-20,30,30,30,0
proverbs/proverbs-24.md,proverbs-24,34,34,34,0
proverbs/proverbs-10.md,proverbs-10,32,32,32,0
proverbs/proverbs-29.md,proverbs-29,27,27,27,0
proverbs/proverbs-09.md,proverbs-09,18,18,18,0
proverbs/proverbs-19.md,proverbs-19,29,29,29,0
proverbs/proverbs-08.md,proverbs-08,36,36,36,0
proverbs/proverbs-18.md,proverbs-18,24,24,24,0
proverbs/proverbs-28.md,proverbs-28,28,28,28,0
proverbs/proverbs-07.md,proverbs-07,27,27,27,0
proverbs/proverbs-17.md,proverbs-17,28,28,28,0
proverbs/proverbs-23.md,proverbs-23,35,35,35,0
proverbs/proverbs-03.md,proverbs-03,35,35,35,0
proverbs/proverbs-27.md,proverbs-27,27,27,27,0
proverbs/proverbs-13.md,proverbs-13,25,25,25,0
proverbs/proverbs-02.md,proverbs-02,22,22,22,0
proverbs/proverbs-26.md,proverbs-26,28,28,28,0
proverbs/proverbs-12.md,proverbs-12,28,28,28,0
proverbs/proverbs-06.md,proverbs-06,35,35,35,0
proverbs/proverbs-16.md,proverbs-16,33,33,33,0
proverbs/proverbs-22.md,proverbs-22,29,29,29,0
revelation/revelation-07.md,revelation-07,17,17,17,0
revelation/revelation-17.md,revelation-17,18,18,18,0
revelation/revelation-03.md,revelation-03,22,22,22,0
revelation/revelation-13.md,revelation-13,18,18,18,0
revelation/revelation-02.md,revelation-02,29,29,29,0
revelation/revelation-12.md,revelation-12,18,18,18,0
revelation/revelation-06.md,revelation-06,17,17,17,0
revelation/revelation-16.md,revelation-16,21,21,21,0
revelation/revelation-22.md,revelation-22,20,20,20,0
revelation/revelation-09.md,revelation-09,21,21,21,0
revelation/revelation-19.md,revelation-19,21,21,21,0
revelation/revelation-08.md,revelation-08,13,13,13,0
revelation/revelation-18.md,revelation-18,24,24,24,0
revelation/revelation-01.md,revelation-01,19,19,19,0
revelation/revelation-11.md,revelation-11,19,19,19,0
revelation/revelation-05.md,revelation-05,14,14,14,0
revelation/revelation-15.md,revelation-15,8,8,8,0
revelation/revelation-21.md,revelation-21,27,27,27,0
revelation/revelation-04.md,revelation-04,11,11,11,0
revelation/revelation-14.md,revelation-14,20,20,20,0
revelation/revelation-20.md,revelation-20,14,14,14,0
revelation/revelation-10.md,revelation-10,11,11,11,0
lamentations/lamentations-05.md,lamentations-05,22,22,22,0
lamentations/lamentations-01.md,lamentations-01,22,22,22,0
lamentations/lamentations-04.md,lamentations-04,22,22,22,0
lamentations/lamentations-03.md,lamentations-03,66,66,66,0
lamentations/lamentations-02.md,lamentations-02,22,22,22,0
nehemiah/nehemiah-01.md,nehemiah-01,11,11,11,0
nehemiah/nehemiah-11.md,nehemiah-11,36,36,36,0
nehemiah/nehemiah-05.md,nehemiah-05,19,19,19,0
nehemiah/nehemiah-04.md,nehemiah-04,17,17,17,0
nehemiah/nehemiah-10.md,nehemiah-10,40,40,40,0
nehemiah/nehemiah-07.md,nehemiah-07,72,72,72,0
nehemiah/nehemiah-03.md,nehemiah-03,38,38,38,0
nehemiah/nehemiah-13.md,nehemiah-13,31,31,31,0
nehemiah/nehemiah-02.md,nehemiah-02,19,19,19,0
nehemiah/nehemiah-12.md,nehemiah-12,47,47,47,0
nehemiah/nehemiah-06.md,nehemiah-06,19,19,19,0
nehemiah/nehemiah-09.md,nehemiah-09,37,37,37,0
nehemiah/nehemiah-08.md,nehemiah-08,18,18,18,0
job/job-21.md,job-21,34,34,34,0
job/job-15.md,job-15,35,35,35,0
job/job-05.md,job-05,27,27,27,0
job/job-31.md,job-31,40,40,40,0
job/joel-03.md,joel-03,5,5,5,0
job/job-40.md,job-40,32,32,32,0
job/job-11.md,job-11,20,20,20,0
job/job-25.md,job-25,6,6,6,0
job/job-35.md,job-35,16,16,16,0
job/job-01.md,job-01,22,22,22,0
job/joel-02.md,joel-02,27,27,27,0
job/job-41.md,job-41,26,26,26,0
job/job-10.md,job-10,21,21,21,0
job/job-24.md,job-24,25,25,25,0
job/job-34.md,job-34,37,37,37,0
job/job-20.md,job-20,29,29,29,0
job/job-14.md,job-14,22,22,22,0
job/job-04.md,job-04,21,21,21,0
job/job-30.md,job-30,31,31,31,0
job/job-19.md,job-19,29,29,29,0
job/job-09.md,job-09,35,35,35,0
job/job-29.md,job-29,25,25,25,0
job/job-39.md,job-39,30,30,30,0
job/job-28.md,job-28,28,28,28,0
job/job-38.md,job-38,41,41,41,0
job/job-18.md,job-18,21,21,21,0
job/job-08.md,job-08,22,22,22,0
job/joel-01.md,joel-01,20,20,20,0
job/job-13.md,job-13,28,28,28,0
job/job-42.md,job-42,17,17,17,0
job/job-27.md,job-27,23,23,23,0
job/job-37.md,job-37,24,24,24,0
job/job-03.md,job-03,26,26,26,0
job/job-23.md,job-23,17,17,17,0
job/job-17.md,job-17,15,15,15,0
job/job-07.md,job-07,21,21,21,0
job/job-33.md,job-33,33,33,33,0
job/joel-04.md,joel-04,20,20,20,0
job/job-22.md,job-22,30,30,30,0
job/job-16.md,job-16,22,22,22,0
job/job-06.md,job-06,30,30,30,0
job/job-32.md,job-32,22,22,22,0
job/job-12.md,job-12,25,25,25,0
job/job-26.md,job-26,14,14,14,0
job/job-36.md,job-36,33,33,33,0
job/job-02.md,job-02,13,13,13,0
psalm/psalm-53.md,psalm-53,7,7,7,0
psalm/psalm-02.md,psalm-02,11,11,11,0
psalm/psalm-36.md,psalm-36,13,13,13,0
psalm/psalm-67.md,psalm-67,8,8,8,0
psalm/psalm-94.md,psalm-94,23,23,23,0
psalm/psalm-84.md,psalm-84,13,13,13,0
psalm/psalm-77.md,psalm-77,21,21,21,0
psalm/psalm-26.md,psalm-26,12,12,12,0
psalm/psalm-12.md,psalm-12,9,9,9,0
psalm/psalm-43.md,psalm-43,5,5,5,0
psalm/psalm-63.md,psalm-63,12,12,12,0
psalm/psalm-32.md,psalm-32,11,11,11,0
psalm/psalm-90.md,psalm-90,17,17,17,0
psalm/psalm-06.md,psalm-06,11,11,11,0
psalm/psalm-57.md,psalm-57,12,12,12,0
psalm/psalm-47.md,psalm-47,10,10,10,0
psalm/psalm-16.md,psalm-16,11,11,11,0
psalm/psalm-80.md,psalm-80,20,20,20,0
psalm/psalm-22.md,psalm-22,32,32,32,0
psalm/psalm-73.md,psalm-73,28,28,28,0
psalm/psalm-62.md,psalm-62,13,13,13,0
psalm/psalm-33.md,psalm-33,22,22,22,0
psalm/psalm-91.md,psalm-91,16,16,16,0
psalm/psalm-07.md,psalm-07,18,18,18,0
psalm/psalm-56.md,psalm-56,14,14,14,0
psalm/psalm-46.md,psalm-46,12,12,12,0
psalm/psalm-17.md,psalm-17,15,15,15,0
psalm/psalm-81.md,psalm-81,17,17,17,0
psalm/psalm-23.md,psalm-23,6,6,6,0
psalm/psalm-72.md,psalm-72,20,20,20,0
psalm/psalm-52.md,psalm-52,11,11,11,0
psalm/psalm-03.md,psalm-03,9,9,9,0
psalm/psalm-37.md,psalm-37,40,40,40,0
psalm/psalm-66.md,psalm-66,20,20,20,0
psalm/psalm-95.md,psalm-95,11,11,11,0
psalm/psalm-85.md,psalm-85,14,14,14,0
psalm/psalm-76.md,psalm-76,13,13,13,0
psalm/psalm-27.md,psalm-27,14,14,14,0
psalm/psalm-13.md,psalm-13,6,6,6,0
psalm/psalm-42.md,psalm-42,12,12,12,0
psalm/psalm-59.md,psalm-59,18,18,18,0
psalm/psalm-08.md,psalm-08,10,10,10,0
psalm/psalm-18.md,psalm-18,51,51,51,0
psalm/psalm-49.md,psalm-49,21,21,21,0
psalm/psalm-69.md,psalm-69,37,37,37,0
psalm/psalm-38.md,psalm-38,23,23,23,0
psalm/psalm-28.md,psalm-28,9,9,9,0
psalm/psalm-79.md,psalm-79,13,13,13,0
psalm/psalm-68.md,psalm-68,36,36,36,0
psalm/psalm-39.md,psalm-39,14,14,14,0
psalm/psalm-29.md,psalm-29,11,11,11,0
psalm/psalm-78.md,psalm-78,72,72,72,0
psalm/psalm-58.md,psalm-58,12,12,12,0
psalm/psalm-09.md,psalm-09,21,21,21,0
psalm/psalm-19.md,psalm-19,15,15,15,0
psalm/psalm-48.md,psalm-48,15,15,15,0
psalm/psalm-98.md,psalm-98,9,9,9,0
psalm/psalm-88.md,psalm-88,19,19,19,0
psalm/psalm-99.md,psalm-99,9,9,9,0
psalm/psalm-89.md,psalm-89,53,53,53,0
psalm/psalm-92.md,psalm-92,16,16,16,0
psalm/psalm-30.md,psalm-30,13,13,13,0
psalm/psalm-61.md,psalm-61,9,9,9,0
psalm/psalm-55.md,psalm-55,24,24,24,0
psalm/psalm-04.md,psalm-04,9,9,9,0
psalm/psalm-14.md,psalm-14,7,7,7,0
psalm/psalm-45.md,psalm-45,18,18,18,0
psalm/psalm-71.md,psalm-71,24,24,24,0
psalm/psalm-20.md,psalm-20,10,10,10,0
psalm/psalm-82.md,psalm-82,8,8,8,0
psalm/psalm-51.md,psalm-51,21,21,21,0
psalm/psalm-96.md,psalm-96,13,13,13,0
psalm/psalm-65.md,psalm-65,14,14,14,0
psalm/psalm-34.md,psalm-34,23,23,23,0
psalm/psalm-24.md,psalm-24,10,10,10,0
psalm/psalm-75.md,psalm-75,11,11,11,0
psalm/psalm-86.md,psalm-86,17,17,17,0
psalm/psalm-41.md,psalm-41,14,14,14,0
psalm/psalm-10.md,psalm-10,18,18,18,0
psalm/psalm-01.md,psalm-01,6,6,6,0
psalm/psalm-50.md,psalm-50,23,23,23,0
psalm/psalm-97.md,psalm-97,12,12,12,0
psalm/psalm-64.md,psalm-64,11,11,11,0
psalm/psalm-35.md,psalm-35,28,28,28,0
psalm/psalm-25.md,psalm-25,22,22,22,0
psalm/psalm-74.md,psalm-74,23,23,23,0
psalm/psalm-87.md,psalm-87,6,6,6,0
psalm/psalm-40.md,psalm-40,18,18,18,0
psalm/psalm-11.md,psalm-11,7,7,7,0
psalm/psalm-93.md,psalm-93,5,5,5,0
psalm/psalm-31.md,psalm-31,25,25,25,0
psalm/psalm-60.md,psalm-60,13,13,13,0
psalm/psalm-54.md,psalm-54,9,9,9,0
psalm/psalm-05.md,psalm-05,13,13,13,0
psalm/psalm-15.md,psalm-15,5,5,5,0
psalm/psalm-44.md,psalm-44,27,27,27,0
psalm/psalm-70.md,psalm-70,6,6,6,0
psalm/psalm-21.md,psalm-21,14,14,14,0
psalm/psalm-83.md,psalm-83,19,19,19,0
nahum/nahum-01.md,nahum-01,14,14,14,0
nahum/nahum-03.md,nahum-03,19,19,19,0
nahum/nahum-02.md,nahum-02,14,14,14,0
2-thessalonians/2-thessalonians-01.md,2-thessalonians-01,12,12,12,0
2-thessalonians/2-thessalonians-02.md,2-thessalonians-02,17,17,17,0
2-thessalonians/2-thessalonians-03.md,2-thessalonians-03,17,17,17,0
john/john-01.md,john-01,50,50,50,0
john/john-11.md,john-11,57,57,57,0
john/john-05.md,john-05,46,46,46,0
john/john-21.md,john-21,23,23,23,0
john/john-15.md,john-15,27,27,27,0
john/john-04.md,john-04,54,54,54,0
john/john-20.md,john-20,31,31,31,0
john/john-14.md,john-14,31,31,31,0
john/john-10.md,john-10,41,41,41,0
john/john-07.md,john-07,52,52,52,0
john/john-17.md,john-17,25,25,25,0
john/john-03.md,john-03,36,36,36,0
john/john-13.md,john-13,37,37,37,0
john/john-02.md,john-02,25,25,25,0
john/john-12.md,john-12,49,49,49,0
john/john-06.md,john-06,71,71,71,0
john/john-16.md,john-16,33,33,33,0
john/john-09.md,john-09,41,41,41,0
john/john-19.md,john-19,41,41,41,0
john/john-08.md,john-08,59,59,59,0
john/john-18.md,john-18,40,40,40,0
2-john/2-john-01.md,2-john-01,12,12,12,0
habakkuk/habakkuk-01.md,habakkuk-01,17,17,17,0
habakkuk/habakkuk-02.md,habakkuk-02,20,20,20,0
habakkuk/habakkuk-03.md,habakkuk-03,19,19,19,0
micah/micah-04.md,micah-04,14,14,14,0
micah/micah-01.md,micah-01,16,16,16,0
micah/micah-05.md,micah-05,14,14,14,0
micah/micah-02.md,micah-02,13,13,13,0
micah/micah-06.md,micah-06,16,16,16,0
micah/micah-07.md,micah-07,20,20,20,0
micah/micah-03.md,micah-03,12,12,12,0
tobit/tobit-10.md,tobit-10,13,13,13,0
tobit/tobit-04.md,tobit-04,20,20,20,0
tobit/tobit-14.md,tobit-14,14,14,14,0
tobit/tobit-05.md,tobit-05,23,23,23,0
tobit/tobit-01.md,tobit-01,22,22,22,0
tobit/tobit-11.md,tobit-11,17,17,17,0
tobit/tobit-06.md,tobit-06,17,17,17,0
tobit/tobit-02.md,tobit-02,13,13,13,0
tobit/tobit-12.md,tobit-12,22,22,22,0
tobit/tobit-03.md,tobit-03,17,17,17,0
tobit/tobit-13.md,tobit-13,18,18,18,0
tobit/tobit-07.md,tobit-07,17,17,17,0
tobit/tobit-08.md,tobit-08,21,21,21,0
tobit/tobit-09.md,tobit-09,6,6,6,0
colossians/colossians-04.md,colossians-04,18,18,18,0
colossians/colossians-01.md,colossians-01,28,28,28,0
colossians/colossians-02.md,colossians-02,22,22,22,0
colossians/colossians-03.md,colossians-03,25,25,25,0
obadiah/obadiah-01.md,obadiah-01,21,21,21,0
esther/esther-04.md,esther-04,63,63,63,0
esther/esther-10.md,esther-10,13,13,13,0
esther/esther-01.md,esther-01,39,39,39,0
esther/esther-05.md,esther-05,14,14,14,0
esther/esther-02.md,esther-02,23,23,23,0
esther/esther-06.md,esther-06,14,14,14,0
esther/esther-07.md,esther-07,10,10,10,0
esther/esther-03.md,esther-03,22,22,22,0
esther/esther-08.md,esther-08,41,41,41,0
esther/esther-09.md,esther-09,32,32,32,0
hosea/hosea-02.md,hosea-02,25,25,25,0
hosea/hosea-12.md,hosea-12,15,15,15,0
hosea/hosea-06.md,hosea-06,11,11,11,0
hosea/hosea-07.md,hosea-07,16,16,16,0
hosea/hosea-03.md,hosea-03,5,5,5,0
hosea/hosea-13.md,hosea-13,15,15,15,0
hosea/hosea-08.md,hosea-08,14,14,14,0
hosea/hosea-09.md,hosea-09,17,17,17,0
hosea/hosea-04.md,hosea-04,19,19,19,0
hosea/hosea-14.md,hosea-14,10,10,10,0
hosea/hosea-10.md,hosea-10,15,15,15,0
hosea/hosea-01.md,hosea-01,9,9,9,0
hosea/hosea-11.md,hosea-11,11,11,11,0
hosea/hosea-05.md,hosea-05,15,15,15,0
philippians/philippians-01.md,philippians-01,30,30,30,0
philippians/philippians-04.md,philippians-04,21,21,21,0
philippians/philippians-03.md,philippians-03,21,21,21,0
philippians/philippians-02.md,philippians-02,28,28,28,0
1-corinthians/1-corinthians-01.md,1-corinthians-01,31,31,31,0
1-corinthians/1-corinthians-11.md,1-corinthians-11,34,34,34,0
1-corinthians/1-corinthians-05.md,1-corinthians-05,13,13,13,0
1-corinthians/1-corinthians-15.md,1-corinthians-15,58,58,58,0
1-corinthians/1-corinthians-04.md,1-corinthians-04,21,21,21,0
1-corinthians/1-corinthians-14.md,1-corinthians-14,40,40,40,0
1-corinthians/1-corinthians-10.md,1-corinthians-10,33,33,33,0
1-corinthians/1-corinthians-07.md,1-corinthians-07,40,40,40,0
1-corinthians/1-corinthians-03.md,1-corinthians-03,23,23,23,0
1-corinthians/1-corinthians-13.md,1-corinthians-13,13,13,13,0
1-corinthians/1-corinthians-02.md,1-corinthians-02,15,15,15,0
1-corinthians/1-corinthians-12.md,1-corinthians-12,30,30,30,0
1-corinthians/1-corinthians-06.md,1-corinthians-06,20,20,20,0
1-corinthians/1-corinthians-16.md,1-corinthians-16,24,24,24,0
1-corinthians/1-corinthians-09.md,1-corinthians-09,23,23,23,0
1-corinthians/1-corinthians-08.md,1-corinthians-08,13,13,13,0
sirach/sirach-18.md,sirach-18,32,32,32,0
sirach/sirach-49.md,sirach-49,16,16,16,0
sirach/sirach-08.md,sirach-08,19,19,19,0
sirach/sirach-28.md,sirach-28,26,26,26,0
sirach/sirach-38.md,sirach-38,34,34,34,0
sirach/sirach-29.md,sirach-29,28,28,28,0
sirach/sirach-39.md,sirach-39,35,35,35,0
sirach/sirach-19.md,sirach-19,27,27,27,0
sirach/sirach-48.md,sirach-48,25,25,25,0
sirach/sirach-09.md,sirach-09,18,18,18,0
sirach/sirach-12.md,sirach-12,17,17,17,0
sirach/sirach-43.md,sirach-43,33,33,33,0
sirach/sirach-26.md,sirach-26,20,20,20,0
sirach/sirach-36.md,sirach-36,29,29,29,0
sirach/sirach-02.md,sirach-02,18,18,18,0
sirach/sirach-22.md,sirach-22,25,25,25,0
sirach/sirach-47.md,sirach-47,25,25,25,0
sirach/sirach-16.md,sirach-16,28,28,28,0
sirach/sirach-06.md,sirach-06,37,37,37,0
sirach/sirach-32.md,sirach-32,24,24,24,0
sirach/sirach-23.md,sirach-23,27,27,27,0
sirach/sirach-46.md,sirach-46,20,20,20,0
sirach/sirach-17.md,sirach-17,28,28,28,0
sirach/sirach-07.md,sirach-07,36,36,36,0
sirach/sirach-33.md,sirach-33,32,32,32,0
sirach/sirach-13.md,sirach-13,25,25,25,0
sirach/sirach-42.md,sirach-42,25,25,25,0
sirach/sirach-27.md,sirach-27,30,30,30,0
sirach/sirach-37.md,sirach-37,30,30,30,0
sirach/sirach-03.md,sirach-03,30,30,30,0
sirach/sirach-20.md,sirach-20,31,31,31,0
sirach/sirach-14.md,sirach-14,26,26,26,0
sirach/sirach-45.md,sirach-45,26,26,26,0
sirach/sirach-04.md,sirach-04,31,31,31,0
sirach/sirach-30.md,sirach-30,24,24,24,0
sirach/sirach-41.md,sirach-41,19,19,19,0
sirach/sirach-10.md,sirach-10,30,30,30,0
sirach/sirach-24.md,sirach-24,31,31,31,0
sirach/sirach-34.md,sirach-34,31,31,31,0
sirach/sirach-51.md,sirach-51,30,30,30,0
sirach/sirach-40.md,sirach-40,30,30,30,0
sirach/sirach-11.md,sirach-11,32,32,32,0
sirach/sirach-25.md,sirach-25,25,25,25,0
sirach/sirach-35.md,sirach-35,26,26,26,0
sirach/sirach-01.md,sirach-01,28,28,28,0
sirach/sirach-50.md,sirach-50,29,29,29,0
sirach/sirach-21.md,sirach-21,28,28,28,0
sirach/sirach-15.md,sirach-15,20,20,20,0
sirach/sirach-44.md,sirach-44,23,23,23,0
sirach/sirach-05.md,sirach-05,15,15,15,0
sirach/sirach-31.md,sirach-31,31,31,31,0
isaiah/isaiah-16.md,isaiah-16,14,14,14,0
isaiah/isaiah-47.md,isaiah-47,15,15,15,0
isaiah/isaiah-22.md,isaiah-22,25,25,25,0
isaiah/isaiah-32.md,isaiah-32,20,20,20,0
isaiah/isaiah-63.md,isaiah-63,19,19,19,0
isaiah/isaiah-57.md,isaiah-57,21,21,21,0
isaiah/isaiah-06.md,isaiah-06,13,13,13,0
isaiah/isaiah-26.md,isaiah-26,21,21,21,0
isaiah/isaiah-43.md,isaiah-43,28,28,28,0
isaiah/isaiah-12.md,isaiah-12,6,6,6,0
isaiah/isaiah-02.md,isaiah-02,22,22,22,0
isaiah/isaiah-53.md,isaiah-53,12,12,12,0
isaiah/isaiah-36.md,isaiah-36,22,22,22,0
isaiah/isaiah-27.md,isaiah-27,13,13,13,0
isaiah/isaiah-42.md,isaiah-42,25,25,25,0
isaiah/isaiah-13.md,isaiah-13,22,22,22,0
isaiah/isaiah-03.md,isaiah-03,26,26,26,0
isaiah/isaiah-52.md,isaiah-52,15,15,15,0
isaiah/isaiah-66.md,isaiah-66,24,24,24,0
isaiah/isaiah-37.md,isaiah-37,37,37,37,0
isaiah/isaiah-17.md,isaiah-17,14,14,14,0
isaiah/isaiah-46.md,isaiah-46,13,13,13,0
isaiah/isaiah-23.md,isaiah-23,18,18,18,0
isaiah/isaiah-33.md,isaiah-33,24,24,24,0
isaiah/isaiah-62.md,isaiah-62,12,12,12,0
isaiah/isaiah-56.md,isaiah-56,12,12,12,0
isaiah/isaiah-07.md,isaiah-07,25,25,25,0
isaiah/isaiah-28.md,isaiah-28,29,29,29,0
isaiah/isaiah-38.md,isaiah-38,22,22,22,0
isaiah/isaiah-49.md,isaiah-49,26,26,26,0
isaiah/isaiah-18.md,isaiah-18,7,7,7,0
isaiah/isaiah-08.md,isaiah-08,23,23,23,0
isaiah/isaiah-59.md,isaiah-59,21,21,21,0
isaiah/isaiah-48.md,isaiah-48,22,22,22,0
isaiah/isaiah-19.md,isaiah-19,25,25,25,0
isaiah/isaiah-09.md,isaiah-09,20,20,20,0
isaiah/isaiah-58.md,isaiah-58,14,14,14,0
isaiah/isaiah-29.md,isaiah-29,24,24,24,0
isaiah/isaiah-39.md,isaiah-39,8,8,8,0
isaiah/isaiah-24.md,isaiah-24,23,23,23,0
isaiah/isaiah-10.md,isaiah-10,34,34,34,0
isaiah/isaiah-41.md,isaiah-41,29,29,29,0
isaiah/isaiah-51.md,isaiah-51,23,23,23,0
isaiah/isaiah-34.md,isaiah-34,17,17,17,0
isaiah/isaiah-65.md,isaiah-65,25,25,25,0
isaiah/isaiah-45.md,isaiah-45,25,25,25,0
isaiah/isaiah-14.md,isaiah-14,32,32,32,0
isaiah/isaiah-20.md,isaiah-20,6,6,6,0
isaiah/isaiah-61.md,isaiah-61,11,11,11,0
isaiah/isaiah-30.md,isaiah-30,33,33,33,0
isaiah/isaiah-04.md,isaiah-04,6,6,6,0
isaiah/isaiah-55.md,isaiah-55,13,13,13,0
isaiah/isaiah-44.md,isaiah-44,28,28,28,0
isaiah/isaiah-15.md,isaiah-15,9,9,9,0
isaiah/isaiah-21.md,isaiah-21,17,17,17,0
isaiah/isaiah-60.md,isaiah-60,22,22,22,0
isaiah/isaiah-31.md,isaiah-31,9,9,9,0
isaiah/isaiah-05.md,isaiah-05,30,30,30,0
isaiah/isaiah-54.md,isaiah-54,17,17,17,0
isaiah/isaiah-25.md,isaiah-25,12,12,12,0
isaiah/isaiah-11.md,isaiah-11,16,16,16,0
isaiah/isaiah-40.md,isaiah-40,31,31,31,0
isaiah/isaiah-50.md,isaiah-50,11,11,11,0
isaiah/isaiah-01.md,isaiah-01,31,31,31,0
isaiah/isaiah-35.md,isaiah-35,10,10,10,0
isaiah/isaiah-64.md,isaiah-64,11,11,11,0
genesis/genesis-28.md,genesis-28,22,22,22,0
genesis/genesis-38.md,genesis-38,30,30,30,0
genesis/genesis-49.md,genesis-49,33,33,33,0
genesis/genesis-18.md,genesis-18,33,33,33,0
genesis/genesis-08.md,genesis-08,22,22,22,0
genesis/genesis-48.md,genesis-48,22,22,22,0
genesis/genesis-19.md,genesis-19,38,38,38,0
genesis/genesis-09.md,genesis-09,29,29,29,0
genesis/genesis-29.md,genesis-29,35,35,35,0
genesis/genesis-39.md,genesis-39,23,23,23,0
genesis/genesis-16.md,genesis-16,16,16,16,0
genesis/genesis-47.md,genesis-47,31,31,31,0
genesis/genesis-22.md,genesis-22,24,24,24,0
genesis/genesis-32.md,genesis-32,33,33,33,0
genesis/genesis-06.md,genesis-06,22,22,22,0
genesis/genesis-26.md,genesis-26,35,35,35,0
genesis/genesis-43.md,genesis-43,34,34,34,0
genesis/genesis-12.md,genesis-12,20,20,20,0
genesis/genesis-02.md,genesis-02,25,25,25,0
genesis/genesis-36.md,genesis-36,43,43,43,0
genesis/genesis-27.md,genesis-27,46,46,46,0
genesis/genesis-42.md,genesis-42,38,38,38,0
genesis/genesis-13.md,genesis-13,18,18,18,0
genesis/genesis-03.md,genesis-03,24,24,24,0
genesis/genesis-37.md,genesis-37,36,36,36,0
genesis/genesis-17.md,genesis-17,27,27,27,0
genesis/genesis-46.md,genesis-46,34,34,34,0
genesis/genesis-23.md,genesis-23,19,19,19,0
genesis/genesis-33.md,genesis-33,20,20,20,0
genesis/genesis-07.md,genesis-07,24,24,24,0
genesis/genesis-24.md,genesis-24,65,65,65,0
genesis/genesis-10.md,genesis-10,32,32,32,0
genesis/genesis-41.md,genesis-41,57,57,57,0
genesis/genesis-34.md,genesis-34,31,31,31,0
genesis/genesis-45.md,genesis-45,28,28,28,0
genesis/genesis-14.md,genesis-14,23,23,23,0
genesis/genesis-20.md,genesis-20,18,18,18,0
genesis/genesis-30.md,genesis-30,43,43,43,0
genesis/genesis-04.md,genesis-04,26,26,26,0
genesis/genesis-44.md,genesis-44,34,34,34,0
genesis/genesis-15.md,genesis-15,21,21,21,0
genesis/genesis-21.md,genesis-21,33,33,33,0
genesis/genesis-31.md,genesis-31,53,53,53,0
genesis/genesis-05.md,genesis-05,32,32,32,0
genesis/genesis-25.md,genesis-25,34,34,34,0
genesis/genesis-11.md,genesis-11,32,32,32,0
genesis/genesis-40.md,genesis-40,23,23,23,0
genesis/genesis-50.md,genesis-50,26,26,26,0
genesis/genesis-01.md,genesis-01,31,31,31,0
genesis/genesis-35.md,genesis-35,29,29,29,0
malachi/malachi-01.md,malachi-01,14,14,14,0
malachi/malachi-02.md,malachi-02,17,17,17,0
malachi/malachi-03.md,malachi-03,24,24,24,0
1-samuel/1-samuel-30.md,1-samuel-30,30,30,30,0
1-samuel/1-samuel-04.md,1-samuel-04,22,22,22,0
1-samuel/1-samuel-14.md,1-samuel-14,52,52,52,0
1-samuel/1-samuel-20.md,1-samuel-20,42,42,42,0
1-samuel/1-samuel-24.md,1-samuel-24,23,23,23,0
1-samuel/1-samuel-10.md,1-samuel-10,27,27,27,0
1-samuel/1-samuel-01.md,1-samuel-01,28,28,28,0
1-samuel/1-samuel-25.md,1-samuel-25,44,44,44,0
1-samuel/1-samuel-11.md,1-samuel-11,15,15,15,0
1-samuel/1-samuel-31.md,1-samuel-31,13,13,13,0
1-samuel/1-samuel-05.md,1-samuel-05,12,12,12,0
1-samuel/1-samuel-15.md,1-samuel-15,35,35,35,0
1-samuel/1-samuel-21.md,1-samuel-21,16,16,16,0
1-samuel/1-samuel-08.md,1-samuel-08,22,22,22,0
1-samuel/1-samuel-18.md,1-samuel-18,30,30,30,0
1-samuel/1-samuel-28.md,1-samuel-28,25,25,25,0
1-samuel/1-samuel-29.md,1-samuel-29,11,11,11,0
1-samuel/1-samuel-09.md,1-samuel-09,27,27,27,0
1-samuel/1-samuel-19.md,1-samuel-19,24,24,24,0
1-samuel/1-samuel-02.md,1-samuel-02,36,36,36,0
1-samuel/1-samuel-26.md,1-samuel-26,24,24,24,0
1-samuel/1-samuel-12.md,1-samuel-12,25,25,25,0
1-samuel/1-samuel-06.md,1-samuel-06,21,21,21,0
1-samuel/1-samuel-16.md,1-samuel-16,23,23,23,0
1-samuel/1-samuel-22.md,1-samuel-22,23,23,23,0
1-samuel/1-samuel-07.md,1-samuel-07,17,17,17,0
1-samuel/1-samuel-17.md,1-samuel-17,58,58,58,0
1-samuel/1-samuel-23.md,1-samuel-23,28,28,28,0
1-samuel/1-samuel-03.md,1-samuel-03,21,21,21,0
1-samuel/1-samuel-27.md,1-samuel-27,12,12,12,0
1-samuel/1-samuel-13.md,1-samuel-13,21,21,21,0
joshua/joshua-11.md,joshua-11,23,23,23,0
joshua/joshua-01.md,joshua-01,18,18,18,0
joshua/joshua-15.md,joshua-15,63,63,63,0
joshua/joshua-21.md,joshua-21,45,45,45,0
joshua/joshua-05.md,joshua-05,15,15,15,0
joshua/joshua-14.md,joshua-14,14,14,14,0
joshua/joshua-20.md,joshua-20,9,9,9,0
joshua/joshua-04.md,joshua-04,24,24,24,0
joshua/joshua-24.md,joshua-24,33,33,33,0
joshua/joshua-10.md,joshua-10,43,43,43,0
joshua/joshua-17.md,joshua-17,15,15,15,0
joshua/joshua-23.md,joshua-23,16,16,16,0
joshua/joshua-07.md,joshua-07,26,26,26,0
joshua/joshua-13.md,joshua-13,33,33,33,0
joshua/joshua-03.md,joshua-03,17,17,17,0
joshua/joshua-12.md,joshua-12,24,24,24,0
joshua/joshua-02.md,joshua-02,24,24,24,0
joshua/joshua-16.md,joshua-16,10,10,10,0
joshua/joshua-22.md,joshua-22,31,31,31,0
joshua/joshua-06.md,joshua-06,27,27,27,0
joshua/joshua-19.md,joshua-19,51,51,51,0
joshua/joshua-09.md,joshua-09,27,27,27,0
joshua/joshua-18.md,joshua-18,26,26,26,0
joshua/joshua-08.md,joshua-08,35,35,35,0
2-chronicles/2-chronicles-01.md,2-chronicles-01,18,18,18,0
2-chronicles/2-chronicles-35.md,2-chronicles-35,27,27,27,0
2-chronicles/2-chronicles-25.md,2-chronicles-25,28,28,28,0
2-chronicles/2-chronicles-11.md,2-chronicles-11,23,23,23,0
2-chronicles/2-chronicles-31.md,2-chronicles-31,20,20,20,0
2-chronicles/2-chronicles-05.md,2-chronicles-05,14,14,14,0
2-chronicles/2-chronicles-15.md,2-chronicles-15,19,19,19,0
2-chronicles/2-chronicles-21.md,2-chronicles-21,20,20,20,0
2-chronicles/2-chronicles-30.md,2-chronicles-30,27,27,27,0
2-chronicles/2-chronicles-04.md,2-chronicles-04,19,19,19,0
2-chronicles/2-chronicles-14.md,2-chronicles-14,14,14,14,0
2-chronicles/2-chronicles-20.md,2-chronicles-20,37,37,37,0
2-chronicles/2-chronicles-34.md,2-chronicles-34,33,33,33,0
2-chronicles/2-chronicles-24.md,2-chronicles-24,27,27,27,0
2-chronicles/2-chronicles-10.md,2-chronicles-10,19,19,19,0
2-chronicles/2-chronicles-33.md,2-chronicles-33,25,25,25,0
2-chronicles/2-chronicles-07.md,2-chronicles-07,22,22,22,0
2-chronicles/2-chronicles-17.md,2-chronicles-17,19,19,19,0
2-chronicles/2-chronicles-23.md,2-chronicles-23,21,21,21,0
2-chronicles/2-chronicles-03.md,2-chronicles-03,14,14,14,0
2-chronicles/2-chronicles-27.md,2-chronicles-27,9,9,9,0
2-chronicles/2-chronicles-13.md,2-chronicles-13,23,23,23,0
2-chronicles/2-chronicles-02.md,2-chronicles-02,17,17,17,0
2-chronicles/2-chronicles-36.md,2-chronicles-36,23,23,23,0
2-chronicles/2-chronicles-26.md,2-chronicles-26,23,23,23,0
2-chronicles/2-chronicles-12.md,2-chronicles-12,16,16,16,0
2-chronicles/2-chronicles-32.md,2-chronicles-32,32,32,32,0
2-chronicles/2-chronicles-06.md,2-chronicles-06,42,42,42,0
2-chronicles/2-chronicles-16.md,2-chronicles-16,14,14,14,0
2-chronicles/2-chronicles-22.md,2-chronicles-22,12,12,12,0
2-chronicles/2-chronicles-29.md,2-chronicles-29,36,36,36,0
2-chronicles/2-chronicles-09.md,2-chronicles-09,31,31,31,0
2-chronicles/2-chronicles-19.md,2-chronicles-19,11,11,11,0
2-chronicles/2-chronicles-08.md,2-chronicles-08,17,17,17,0
2-chronicles/2-chronicles-18.md,2-chronicles-18,33,33,33,0
2-chronicles/2-chronicles-28.md,2-chronicles-28,27,27,27,0
zechariah/zechariah-07.md,zechariah-07,14,14,14,0
zechariah/zechariah-13.md,zechariah-13,9,9,9,0
zechariah/zechariah-03.md,zechariah-03,10,10,10,0
zechariah/zechariah-12.md,zechariah-12,14,14,14,0
zechariah/zechariah-02.md,zechariah-02,17,17,17,0
zechariah/zechariah-06.md,zechariah-06,15,15,15,0
zechariah/zechariah-09.md,zechariah-09,17,17,17,0
zechariah/zechariah-08.md,zechariah-08,23,23,23,0
zechariah/zechariah-11.md,zechariah-11,17,17,17,0
zechariah/zechariah-01.md,zechariah-01,17,17,17,0
zechariah/zechariah-05.md,zechariah-05,11,11,11,0
zechariah/zechariah-14.md,zechariah-14,21,21,21,0
zechariah/zechariah-04.md,zechariah-04,14,14,14,0
zechariah/zechariah-10.md,zechariah-10,12,12,12,0
3-john/3-john-01.md,3-john-01,15,15,15,0
TOTALS,,33626,33625,33626,0
